question,answer
"bạn tên là gì?","Tôi tên là UMT Chatbot, tôi sẽ hỗ trợ bạn các thông tin về chương trình đào tạo, lộ trình,... tất tần tật mọi thứ liên quan đến UMT!"
"bạn khỏe không?","Tôi chỉ là một Chatbot, không thể có những nhận thức về thể chất, thế còn bạn?"
"tôi rất khỏe","Thật tuyệt vời khi nghe điều đó"
"chương trình học","Trường chúng tôi có các chương trình học như Truyền thông, Thiết kế đồ họa, Công nghệ thông tin, và nhiều ngành khác."
"điều kiện tuyển sinh","Điều kiện tuyển sinh bao gồm tốt nghiệp THPT, điểm thi đầu vào, và các yêu cầu khác tùy theo từng ngành."
"học phí","Học phí cho mỗi chương trình học khác nhau. Vui lòng truy cập trang web chính thức của trường để biết thêm chi tiết."
"UMT là gì? Thông tin về trường UMT","UMT là trường đại học tiên phong về đào tạo, nghiên cứu và quản trị, tạo ra công dân toàn cầu tự tin, thích ứng với thế giới số 4.0."
"Chương trình đào tạo tại UMT có gì đặc biệt?","Chương trình đào tạo tại UMT dựa trên tinh thần khai phóng, đổi mới và sáng tạo, đáp ứng nhu cầu đào tạo nguồn nhân lực chất lượng cao và chuẩn quốc tế."
"tin chuẩn chưa em?","tin chuẩn bạn nhé!"
"Phương pháp dạy và học tại UMT có gì khác biệt?","UMT sử dụng phương pháp học tập tương tác, lớp học đảo ngược, học qua dự án, kết hợp thực tiễn với doanh nghiệp."
"Lộ trình đào tạo năm 1 tại UMT như thế nào?","Năm 1 là giai đoạn thiết lập nền tảng, sinh viên được học tập và khám phá, tiếp cận với doanh nghiệp từ sớm."
"Lộ trình đào tạo năm 2 tại UMT như thế nào?","Năm 2 tập trung phát triển tài năng, sinh viên học tập quốc tế, tham gia cộng đồng và sự kiện sinh viên."
"Lộ trình đào tạo năm 3 tại UMT như thế nào?","Năm 3 sinh viên học tập thực tiễn, nghiên cứu khoa học và chinh phục học bổng."
"Lộ trình đào tạo năm 4 tại UMT như thế nào?","Năm 4 sinh viên làm chủ tương lai, thực hiện đồ án tốt nghiệp và khởi nghiệp."
"tư vấn cho tôi UMT có những đặc điểm nổi bật gì?","UMT là trường đại học hiện đại với môi trường giáo dục khai phóng, chú trọng vào trải nghiệm thực tiễn và sự sáng tạo, chuẩn bị cho sinh viên tự tin làm việc toàn cầu."
"UMT cung cấp những ngành đào tạo nào?","UMT đào tạo nhiều ngành như Công nghệ Thông tin, Truyền thông Đa phương tiện, Thiết kế Đồ họa, Marketing, Quản trị Kinh doanh, Logistics, và Kinh doanh Quốc tế."
"Cơ sở vật chất tại UMT như thế nào?","UMT có cơ sở vật chất hiện đại và môi trường xanh, bao gồm các giảng đường tiêu chuẩn, phòng lab, và nhiều tiện ích sinh viên khác, đặt tại Khu đô thị Cát Lái."
"Phương pháp giảng dạy tại UMT có gì đặc biệt?","UMT áp dụng phương pháp giảng dạy khai phóng với các hoạt động tương tác, dự án thực tế, và hợp tác chặt chẽ với doanh nghiệp, nhấn mạnh vào sự đổi mới sáng tạo và kỹ năng thực tiễn."
"UMT hợp tác với các bên nào để cung cấp trải nghiệm học tập?","UMT có mối quan hệ chặt chẽ với các doanh nghiệp hàng đầu và các tổ chức giáo dục quốc tế, cung cấp cơ hội thực tập và dự án tình huống do doanh nghiệp đặt hàng cho sinh viên."
"UMT áp dụng triết lý giáo dục nào cho chương trình đào tạo của mình?","UMT áp dụng triết lý giáo dục khai phóng, nhằm trang bị cho sinh viên khả năng thích ứng với môi trường toàn cầu đầy biến động và phát triển năng lực tư duy quốc tế."
"Giáo dục khai phóng tại UMT tập trung vào những khía cạnh nào?","Giáo dục khai phóng tại UMT tập trung vào việc phát triển tư duy toàn diện, khơi nguồn cảm hứng sáng tạo và trang bị kỹ năng để thích ứng trong môi trường đa văn hóa."
"UMT cung cấp những ngành học nào trong chương trình giáo dục khai phóng?","UMT cung cấp nền tảng kiến thức liên ngành thông qua sáu nhóm môn học bao gồm giao tiếp liên văn hóa, văn hóa kinh doanh, và nhiều môn học khác nhằm nâng cao khả năng giao tiếp và thấu hiểu văn hóa đa dạng."
"UMT cung cấp bao nhiêu loại học bổng cho năm 2024?","UMT cung cấp năm loại học bổng chính: Global, Unique, Liberal, Future và Active, mỗi loại có các tiêu chí và giá trị tài trợ khác nhau."
"Điều kiện chung để ứng tuyển học bổng UMT là gì?","Điều kiện chung là tất cả thí sinh nộp hồ sơ xét tuyển vào Trường Đại học UMT cho năm học 2024 đều có thể đăng ký học bổng."
"Học bổng Global là gì? ưu tiên những sinh viên nào?","Học bổng Global trị giá 315 triệu đồng, ưu tiên cho sinh viên có điểm từ 8.5 trở lên, có thành tích cao trong học tập và tham gia các hoạt động mang tầm quốc tế."
"Làm thế nào để nộp hồ sơ học bổng tại UMT?","Có thể nộp hồ sơ học bổng qua ba cách: gửi qua email tới hocbong@umt.edu.vn, đăng ký trực tuyến trên website của trường, hoặc gửi trực tiếp tại phòng Tuyển sinh và Truyền thông của UMT."
"Học bổng Unique tại UMT là gì? Có điều kiện gì?","Học bổng Unique trị giá 180 triệu đồng, dành cho sinh viên tích cực trong hoạt động nghệ thuật, văn hóa, thể thao; có khả năng quản lý truyền thông và điểm học tập từ 8.0."
"Học bổng Liberal của UMT nhằm vào nhóm sinh viên nào?","Học bổng Liberal, trị giá 135 triệu đồng, ưu tiên sinh viên nhiệt tình tham gia các giải thưởng CNTT, có ý tưởng kinh doanh, khởi nghiệp và có điểm từ 7.5 trở lên."
"Tổng giá trị của học bổng UMT năm 2024 là bao nhiêu?","Tổng giá trị học bổng và ưu đãi học phí mà UMT cung cấp cho năm 2024 lên đến hơn 68 tỷ đồng."
"Hồ sơ ứng tuyển học bổng UMT cần những gì?","Hồ sơ bao gồm thư tự giới thiệu, học bạ THPT, các giấy tờ chứng nhận thành tích học tập và hoạt động xã hội, cũng như các giấy tờ khác nếu có."
"Học bổng Future và Active của UMT dành cho sinh viên như thế nào?","Học bổng Future trị giá 105 triệu đồng, cho sinh viên đạt giải trong sáng tạo và cộng đồng; học bổng Active trị giá 80 triệu đồng, cho sinh viên năng động và tham gia các hoạt động văn thể mỹ."
"Thông tin liên hệ để biết thêm về học bổng UMT ở đâu?","Thông tin liên hệ qua Văn phòng Tư vấn Tuyển sinh tại Tòa nhà Sáng tạo UMT, hotline (028) 3535 9119, website www.umt.edu.vn, email tuyensinh@umt.edu.vn, hoặc fanpage UMT."
"xin chào","Xin chào! Tôi có thể giúp gì cho bạn hôm nay?"
"bạn bao nhiêu tuổi?","Tôi là một Chatbot, không có tuổi tác như con người."
"đây là gì?","Đây là UMT Chatbot, công cụ hỗ trợ thông tin về trường Đại học UMT."
"có chức năng gì?","Tôi có chức năng cung cấp thông tin về chương trình học, điều kiện tuyển sinh, học phí, học bổng và nhiều thông tin khác về UMT."
"chào buổi sáng","Chào buổi sáng! Hôm nay bạn cần tôi hỗ trợ điều gì?"
"chào buổi chiều","Chào buổi chiều! Có điều gì tôi có thể giúp bạn không?"
"chào buổi tối","Chào buổi tối! Bạn có cần thông tin gì không?"
"cảm ơn","Không có gì. Tôi luôn sẵn sàng hỗ trợ bạn!"
"bạn ở đâu?","Tôi tồn tại trong hệ thống trực tuyến của trường Đại học UMT."
"bạn có thể làm gì?","Tôi có thể cung cấp thông tin về UMT, trả lời các câu hỏi liên quan đến chương trình học, tuyển sinh, học phí, học bổng và nhiều thông tin khác."
"tạm biệt","Tạm biệt! Hẹn gặp lại bạn lần sau."
"học bổng","Chúng tôi có nhiều học bổng hỗ trợ cho sinh viên. bạn muốn tìm hiểu loại học bổng nào? Chúng tôi có các loại học bổng như: Global, Unique, Liberal, Future và Active"